n,rep,alpha,lambda,theta
30,0,3.3286761922167427,3.529923962467728,3.4760381145183876
30,1,2.2188992961774687,2.6196389918266973,2.4930212289948774
30,2,1.8689918579036193,2.3456090156662954,2.203175086450878
30,3,2.8861803180148002,2.8063796330353505,2.7070792008579123
30,4,1.6296534157998044,2.2720694105340784,2.0608671943491355
30,5,2.7194432480924537,3.1340419870750864,2.965332483227628
30,6,1.9615800080984225,2.48727379695719,2.253682345771954
30,7,2.3011977095978176,3.0086420835103374,2.804641288816736
30,8,1.8817671768789463,2.3658865373209403,2.1557427353043974
30,9,1.7980974087452446,2.5563546476116703,2.2469091074809078
30,10,3.4535949856809824,2.727248506598105,2.702658817488189
30,11,3.4834497779157756,3.4439661597656355,3.4265208195365053
30,12,3.2778717705053055,3.1677792650564385,3.0662264611868837
30,13,2.1424213522344613,2.9253038933099633,2.664852371884527
30,14,1.7151108420781214,2.84425466896577,2.475717494648326
30,15,2.2451933825775208,2.503037698709768,2.3555594552549963
30,16,3.401623357588241,2.9766661708815545,2.975783461756949
30,17,1.6296579106072844,2.422219314276802,2.1338941764242
30,18,2.168233004035643,2.5608982936015434,2.38961405534453
30,19,2.603187838767689,3.210457554251735,3.1220224412073474
30,20,5.043814800070811,4.796869056060195,5.0263818555476245
30,21,1.9532258122968347,3.1086905870367043,2.84841829817402
30,22,2.267108553392874,2.671799449569019,2.5076545249244453
30,23,4.57382659157143,3.566648175457854,3.5580083656305264
30,24,1.0125364995479547,1.984818162735417,1.6367708409246413
30,25,1.3038244034281825,2.2526512473373543,1.8994005686070667
30,26,2.024660281026302,2.582940084895091,2.3778373629841987
30,27,2.022932671590226,3.213478160283228,3.031433882114924
30,28,2.6606391256170054,3.196455287128381,3.038469635711869
30,29,2.342244665647161,2.557995498280757,2.422958290301402
30,30,2.503588566579583,2.8591815545395054,2.6654460560018682
30,31,3.022540671852038,2.786375952369379,2.6870522634227356
30,32,2.013646942392059,2.451135697403919,2.245256773713836
30,33,2.1460582092880487,2.95013977546544,2.797741808361386
30,34,3.2924899838987174,3.2930055668698217,3.256633789036885
30,35,3.170215919982323,3.0735692004780004,3.016350197545311
30,36,2.8472142035723174,3.2409512260620343,3.1089385601812545
30,37,2.88699881133827,3.1498900990196685,3.0152732792049632
30,38,1.6448662349577619,2.815338096300356,2.4898431363608586
30,39,2.5293378175674364,2.5586975590820353,2.4256660635731557
30,40,1.7344804156491471,2.707558510681321,2.513727602220701
30,41,1.690441098512077,2.1725222286267005,1.9196636540595344
30,42,2.8766488359724054,2.7730378618776865,2.687845721137176
30,43,1.9132671023297756,2.8360593536097642,2.6292235944957536
30,44,2.811449688244455,3.1720115794585553,3.1006707898474755
30,45,2.1207116201414693,2.6220076932898517,2.43936934439307
30,46,1.9880220916726783,2.843901341171883,2.506401399375711
30,47,3.4647508575230304,3.66669318974501,3.585271696730068
30,48,2.0939888898872345,2.4135143924649993,2.2410728430650892
30,49,2.979517540467132,3.1373498427980095,3.07555857903629
30,50,2.671118876138128,2.6076055333513004,2.4930291598997334
30,51,2.5246719883068347,2.4516918957066447,2.3668170063906806
30,52,3.308298961991879,3.5224572677903323,3.4503674055331546
30,53,1.936460730856673,2.678530038508341,2.434409597813926
30,54,2.956183176770343,2.7767131756169383,2.6875145174446007
30,55,2.555882821490001,2.892226112127558,2.714141837668854
30,56,5.0212199356088805,3.8993864475759024,3.9255361975286585
30,57,2.6386759449545085,3.3788755694833137,3.2422023942629643
30,58,1.982799284382624,2.586836284796885,2.3076472922404543
30,59,3.442787083041857,2.9452316328112573,2.917859921015229
30,60,3.1780737591846426,3.0312525074425984,3.0247698767322717
30,61,1.792984490732916,2.634590376404398,2.442306901752365
30,62,6.0137751847941265,4.051235003555121,4.040033964137112
30,63,1.4279934314296856,2.335612009625406,1.9926389339245563
30,64,1.710323213664649,2.434763770931129,2.2006811595537843
30,65,3.1436930113197765,3.6547750346782037,3.578737356084947
30,66,2.9075318524825486,2.9686145255794543,2.844696078879922
30,67,1.3309424093339575,2.1016712071806936,1.8442692606885318
30,68,2.241288602435992,2.8773932742378387,2.6637182965159045
30,69,1.9420521007346814,2.2551464309752225,2.1086432201061474
30,70,1.3381054444686904,2.0961397486107907,1.7890455953551825
30,71,3.2052360710375725,3.768073801433997,3.6992705694305412
30,72,3.4296932067738144,2.8253670591512887,2.758567563381107
30,73,2.232073831024544,2.7306814637117656,2.489305213233403
30,74,2.4381864402710605,2.626420908145205,2.5821435264501615
30,75,4.185996458371618,4.341000904137709,4.497134913085087
30,76,1.9816767903842372,2.6800520642330565,2.50750687303676
30,77,1.673577235243133,2.205522752449715,1.9696237425585368
30,78,1.848301174233449,2.5557558837368015,2.294713184770303
30,79,1.3699039575008345,2.2332366008010895,1.901569878509403
30,80,3.0083422787791987,3.192936772041803,3.0907903388624307
30,81,4.170221377092464,3.5744828811591485,3.6315346040418683
30,82,2.530480887708287,2.7042478540592474,2.5872799401759736
30,83,2.2109959380425632,2.7754439506115647,2.546452070899776
30,84,2.5061555834819584,3.0321345738869674,2.9318917036252956
30,85,2.2128765250641824,3.2208307034337427,3.0527272086636303
30,86,1.5495236441185831,2.4035218465657224,2.121566732576583
30,87,4.200171492051804,3.3764054838361632,3.3410745770481736
30,88,5.701750315590915,4.384175650393949,4.483973511889611
30,89,4.0943801883162,3.5932561579085904,3.584267394946504
30,90,2.719941387882416,2.9520025585515,2.841867311607101
30,91,1.879492060802702,2.629710690236891,2.4426563804524193
30,92,2.4383528156018657,2.81373924001599,2.630277434171699
30,93,2.037828278653381,2.8034705544452145,2.5464102780338536
30,94,2.445396787355943,2.665104136801964,2.5489886749769557
30,95,1.4924580760544972,2.2570776551224827,2.0856602245956717
30,96,2.0166393029866736,2.6648485199464313,2.3689017286494534
30,97,1.5742402511703837,2.447227464086964,2.1863402425842726
30,98,2.1984109469370745,2.6229428902105343,2.4182943451568137
30,99,2.5981773910587243,2.8529345977063265,2.736531824960944
30,100,2.526233993295554,2.6638497029771493,2.540718379972591
30,101,2.5271072391467277,3.139582280092595,3.0067104592509826
30,102,3.1146284261949413,3.1172094169020332,3.0583180840534756
30,103,2.9038740168026522,2.9474195127612366,2.8191282738157866
30,104,2.079551879216424,2.6025487526215234,2.3645446814112594
30,105,1.364993330737428,2.608752076416754,2.198233317099443
30,106,1.417017488325385,2.380811715032534,1.9915306289003227
30,107,1.849364329482952,2.2682074708450353,2.1016459093336812
30,108,1.8909375111114166,2.4737796877560205,2.227199582924972
30,109,2.3161653790688597,2.7503407049362854,2.6460047376895175
30,110,1.6399572248265801,2.5935628168259184,2.240498496039444
30,111,1.8313351967739446,2.3378199053009374,2.174650030510769
30,112,2.535960354273977,2.950627960186176,2.8427005269687475
30,113,1.9115476821663193,2.7169762560612347,2.4044154353351748
30,114,2.066965013058826,2.697253127562918,2.5164255343208946
30,115,2.156928845886546,4.127992058088706,4.053088003018898
30,116,2.516341237736126,4.489922200802034,4.652188913468658
30,117,2.332766918695843,2.8930404978625206,2.7006214069922763
30,118,7.083551532402674,4.565875030642622,4.61157135336658
30,119,3.505999232962793,3.522092648935398,3.4626923359222097
30,120,2.1506668021010222,2.5762548379913803,2.4481385997285035
30,121,1.4533417510967623,2.0676395681733633,1.7953803866844416
30,122,2.14395685250069,2.2799057900507314,2.1567846427402633
30,123,2.484087068627919,3.2761771173352714,3.1161146859700053
30,124,4.61591534080573,3.7103557943508663,3.7168158150820227
30,125,2.9896563166730985,3.1476206608388426,3.0352002494524912
30,126,1.6585052047267417,2.459364920850176,2.167040497733451
30,127,2.3311527389571247,2.581643841920316,2.5120984996032028
30,128,2.9065587804572073,2.769834352920045,2.739245442441786
30,129,1.7988206383054146,2.829111082398432,2.5336415549823434
30,130,5.025246725338382,3.588710625718719,3.603308764921517
30,131,1.8667161046254694,2.4064367796928945,2.1615313771102422
30,132,1.3323151340954482,1.8762706056808414,1.6195607015089273
30,133,1.389781235072822,1.9673918023867072,1.7313896061208658
30,134,3.4314134306906667,2.8654366259835884,2.8109478011649918
30,135,3.176382637144542,3.1578728301851116,3.0885792786431674
30,136,2.997607673010911,2.905925741994111,2.8307818805103704
30,137,5.714673451205387,4.960888055041592,5.065891825472213
30,138,2.038165186594982,2.897036126279599,2.916029389679881
30,139,2.8737089342128006,3.214686271756496,3.0610912785024538
30,140,1.5314646229751212,2.115184368150946,1.871944251008784
30,141,1.8746230864047826,2.6975643589547627,2.415383646677681
30,142,3.2725149119947154,3.999335168289894,3.9504522963179642
30,143,2.0347825121942993,3.1321175696580736,2.9503802094530025
30,144,1.8196342877100788,2.855273573710758,2.48590431718219
30,145,1.8502163579734086,2.4033794190437536,2.1715159801047466
30,146,2.6969739738537832,2.794262774367611,2.70542878750917
30,147,1.2777414720843672,2.037261702998483,1.798293168358332
30,148,1.9684166752607481,2.5711668029036367,2.345437614213814
30,149,3.4480637786331143,3.26146752903457,3.2084901512306345
30,150,2.063260362547631,2.367211297978454,2.2509422798570125
30,151,1.578764509254305,2.622040846962693,2.3316512586522795
30,152,3.377821279968435,3.6009177461497877,3.542851139031124
30,153,2.976824232903425,2.6796830619150698,2.590464963271186
30,154,1.4462739346898554,2.1712252678799904,1.9459718260432635
30,155,1.6739432398742584,2.2775140607753728,1.9872283877429497
30,156,2.9118969253224183,2.8168949156220755,2.733484910583049
30,157,2.37826978411363,2.488350530869418,2.385256634661988
30,158,2.2627968323020538,2.56491969387765,2.422238928821436
30,159,1.5786569418317864,2.6347429629832,2.33882805983421
30,160,2.7752166677001453,2.874458314396319,2.8527343363966713
30,161,1.5059214625216373,2.200352613551323,1.9342322350987398
30,162,3.111352706302299,2.715808201836633,2.674672894278118
30,163,3.3601263999697557,2.8930462745644134,2.834752673728272
30,164,3.464665997178137,3.087709050560236,3.063183450721352
30,165,1.6387767946189056,2.1955106971743463,1.9883514482930906
30,166,1.7957343681156857,2.3183093459917927,2.145052520527523
30,167,2.230590591411736,2.933242738122638,2.7989093428008562
30,168,1.828689306602617,2.0941228042239945,1.929621487766153
30,169,3.5600647259477087,3.060022942596982,3.0081266899244694
30,170,2.3462506892764936,2.8521298789652754,2.7027904572084505
30,171,1.5969894747840334,2.3103429905317756,2.0842920975186727
30,172,1.4024860899736762,2.6161523650850134,2.2416474296496363
30,173,1.5130587706941214,2.2098101671106516,1.9154886068331411
30,174,1.8975135395362968,2.436318774623125,2.337168790850585
30,175,3.8900870380687786,3.70002379332979,3.702717359073885
30,176,2.497545557076694,2.778794601400081,2.6487329962951285
30,177,2.0713900106332575,2.4174616193958363,2.263155660627102
30,178,3.892617648516912,3.9834398753346814,4.0212249786288305
30,179,2.1583662629109153,2.5480536357243624,2.379842832717804
30,180,2.238759240514194,2.854686739189906,2.688889392649568
30,181,2.1335332451226,2.7574275972998015,2.5673226659835335
30,182,1.4267662678784974,2.5544901301494414,2.18792603355877
30,183,1.6610644103152177,2.0829912263722243,1.8849385218995072
30,184,3.1728508667945885,3.618829101701283,3.6239928040165243
30,185,1.8572515820812376,2.406879831437394,2.1488003987904487
30,186,3.2805792760914305,3.674763504798886,3.7163609515624554
30,187,1.499170835430664,2.201316702049895,1.9664364615353376
30,188,2.287358813223715,2.612689627426323,2.4794337010199934
30,189,2.2571574847153926,2.85088903186308,2.666515648485054
30,190,2.3825743955340126,3.1403177368713573,2.868352147214645
30,191,2.93771436171886,3.5038585355604956,3.364490541773585
30,192,4.204100353292392,4.099321713738537,4.1461023317473344
30,193,3.490799454385597,3.300524568380068,3.315817111840029
30,194,2.792848628900511,2.6295143919570405,2.553361582672886
30,195,1.760332996487986,2.370933860871517,2.145066400923132
30,196,1.7817727785286814,2.6175226605033974,2.2933662773979915
30,197,2.336505885437582,2.808146168138184,2.652889054789022
30,198,1.6034046806006947,2.221016623584555,2.0277125868838004
30,199,3.5620770834759434,3.605786589131514,3.570041375936337
50,0,1.921434922828312,2.8445672259294423,2.5437424191824247
50,1,1.4323781358168626,2.1769587284928944,1.8754455619688943
50,2,1.615467445026199,2.393353148098295,2.1715282141828744
50,3,2.40216740253774,2.885041978436536,2.78863179292469
50,4,1.8655597117371248,2.2721918287900627,2.1111085124582036
50,5,2.1490268570582933,2.961822685214653,2.6941207535115645
50,6,3.7522889805082764,3.161819473328986,3.1396986381121423
50,7,3.1765878935695673,2.9638038629666923,2.8845461890696917
50,8,1.9311901527531081,2.5964057106062612,2.4160609885161213
50,9,3.105452566005899,3.381340704660865,3.3235393312609247
50,10,1.9489496765066558,2.5999585651908443,2.352183644199571
50,11,3.0474332301251623,3.258545222529923,3.187659703403548
50,12,1.2471825615556849,2.216676231272754,1.8341973238131206
50,13,3.7195228971276584,3.3601519306890593,3.3356430728514375
50,14,1.9634908384681287,2.5817497318480704,2.4089991151933585
50,15,3.063256109872288,3.079941411240935,3.05271610193466
50,16,2.616234885080175,3.0063300352114246,2.870199291216912
50,17,1.696796292656223,2.252438358119492,2.0392446016219794
50,18,6.760812227207937,4.398188977179544,4.470378084803745
50,19,2.480861403574411,3.055434081517249,2.9245733852514615
50,20,1.5191008919496893,2.7359093473217384,2.3965498646775827
50,21,2.2606462900705164,2.6957868675297405,2.546570762999121
50,22,2.4649826433454525,2.802695763982542,2.6902347417932626
50,23,2.8296247187951846,3.2223064022835866,3.1453007566122153
50,24,2.1046539846181846,2.6044298515591318,2.45115209457165
50,25,2.4241857829164792,3.168619164193965,2.983793339277099
50,26,2.2689844996325728,2.4788643711175746,2.3547609077790677
50,27,2.0596258598285675,2.6867214909140014,2.4396364089349207
50,28,2.0638040694393682,2.669722291694808,2.4783270138227445
50,29,2.078484879459179,2.931656437739386,2.738470525725342
50,30,1.7901046499753228,2.483569470452741,2.2545111304566046
50,31,2.657654435294959,3.4399680169059272,3.283843456234987
50,32,2.5951227713253053,3.4900441687109014,3.3540329376003553
50,33,2.9893972092350114,3.211314384560387,3.1147977306052623
50,34,2.6037807390778958,2.5594953113138432,2.4986489403884122
50,35,2.330548873220462,2.850866750919858,2.6939532575576943
50,36,2.4506316286571774,2.5871481282589697,2.4645649928591196
50,37,1.664714252590222,2.3785069696828884,2.1122310421961297
50,38,2.657255944920872,2.960296183658627,2.8388827142154573
50,39,2.8166705771533533,3.4870067498598725,3.317688395839928
50,40,2.5804266107405933,3.5705412359747086,3.5271933721089654
50,41,2.337888909139846,2.905596570292275,2.695313970059811
50,42,2.6589934668624955,2.705928948050989,2.617775131349957
50,43,3.603425053575924,3.1992356748204513,3.166089586634115
50,44,2.373516388727593,2.8043438751883225,2.6045475968234735
50,45,2.418381371900827,2.958352354701206,2.8451582666112256
50,46,2.027337288397486,2.5969678683986794,2.398582742366441
50,47,3.348803907886799,3.0662397462414996,3.0214759251628696
50,48,2.9266570920640267,3.638884896254574,3.5569064504140853
50,49,2.5501246990798307,3.3324727485214374,3.1884849175593244
50,50,2.287576514215153,2.8620009067963768,2.6864028584247692
50,51,2.6437289742288685,3.1993433062920547,3.1447511158058887
50,52,1.7025181759412682,2.326339971274463,2.128499979524318
50,53,1.8833153958384865,2.5100439123129594,2.2612116845796573
50,54,1.640383064294236,2.454416444856964,2.232272567069314
50,55,2.9925818412970018,2.8460339856322876,2.7633507104794828
50,56,3.6288443860283017,3.8175135754296385,3.7935252975397225
50,57,1.6185859552031918,2.29326414271807,2.0413583930557215
50,58,2.2013476132415346,2.6986762520262455,2.5395642716731315
50,59,2.4623779723443464,3.0654259383208933,2.961255967202641
50,60,2.04744028055698,2.8404389801683125,2.6177434525272187
50,61,2.4033928809509226,2.834386515975691,2.6869874524086086
50,62,3.0042301399518014,2.965361163028345,2.906261812814349
50,63,2.416316513538617,2.5924175610982503,2.4807311536062158
50,64,2.353399781538142,3.071138676958328,2.8781115358971747
50,65,2.631531090279443,3.1110416535014966,2.9244248854803114
50,66,1.8126566163518016,2.6009422499387727,2.4046714980644586
50,67,4.0614221640645916,3.843600926047459,3.878203629496902
50,68,3.2389376652614734,2.967356438297058,2.948139546105117
50,69,2.263067021698256,2.8227403013973698,2.5822499803418695
50,70,2.81355771622654,2.9530754161756487,2.859283791037002
50,71,1.7950923298271697,2.4077283001782734,2.170337296235025
50,72,2.5992465958790834,3.066693819916893,2.94421743847042
50,73,2.248769965276312,2.95129105160061,2.733454408091473
50,74,2.1224992626270147,3.0739966143892987,2.8700517639250824
50,75,1.5803210931586236,2.27177326038763,2.016350078099233
50,76,1.8421479698584522,2.7727915207823925,2.5285681020724975
50,77,1.7440652110525972,2.6955312306590202,2.4329972110425433
50,78,2.247273939466834,2.6216322369519216,2.4709618839024157
50,79,1.6644416872969774,2.4453644984821175,2.2187446071061236
50,80,2.4776615772837864,2.915700578454884,2.751630536709141
50,81,1.954547312758844,2.944404561788336,2.68368849897971
50,82,1.5538160167064055,2.491242665183575,2.176969501244256
50,83,1.7457681352932595,2.5107302122303197,2.279315496672307
50,84,1.3517228457715764,2.566305216303296,2.3497218935296207
50,85,3.482621169020261,3.363180053441213,3.281612261569576
50,86,2.401372376005952,3.319631839960914,3.2016451210237924
50,87,2.380961412507847,2.9450734999435597,2.8395325802114395
50,88,1.6274705251835144,2.359477259122948,2.117508973317735
50,89,2.880075014438659,3.101629681716657,2.9991958561921965
50,90,2.4325258597871167,3.06044818652427,2.9053900797016428
50,91,3.0100810091314774,3.119278784841665,3.0446686480045417
50,92,4.354230657508127,3.7378597179225386,3.7407122841610145
50,93,3.2636612992615963,3.314837958609495,3.251161487044195
50,94,2.73077049041144,3.2092810053064293,3.1102579303493982
50,95,2.8743635613348677,2.949317409133625,2.8357384042730183
50,96,1.99737631763299,2.380975151312141,2.2135297349935867
50,97,2.5100772661721553,2.8726206251344695,2.735081635480014
50,98,3.234595578071104,3.862472934061242,3.8530961158450507
50,99,4.442080064649793,3.5170166658487902,3.486383110578355
50,100,4.978819398922951,4.542852929370147,4.621816220365655
50,101,2.346192718044896,2.5376113335007,2.3977893947756326
50,102,2.0626562211854536,2.481576134690303,2.2891897665498826
50,103,1.7934057553173528,2.607689224425437,2.329724222673231
50,104,2.02193004777439,2.4573425533525906,2.2661738568354517
50,105,1.8355195204788803,2.242203243883275,2.0496938540210157
50,106,1.865672390883411,2.4876386818228338,2.278221870769847
50,107,2.0407730266006716,2.439829939897872,2.2403556690352624
50,108,1.9946979806843297,2.5522124505995083,2.3317487450284546
50,109,1.46026666406526,2.509725862491991,2.1270704685662336
50,110,1.9427247367645608,2.70200954283854,2.4993131991187663
50,111,2.946810708609802,2.8122009087189737,2.72667778152473
50,112,2.059085496465297,2.5055610436952507,2.335595118843738
50,113,3.700584654392928,3.367132890697211,3.356709149214108
50,114,2.4770953121171853,2.787801736179704,2.640754041080068
50,115,1.6169395353021285,2.472889800694259,2.2674815401627852
50,116,3.0113601579581712,3.1973586035057417,3.1386613007171205
50,117,1.800245305577909,2.618598825629129,2.380061492844228
50,118,5.311626307098577,3.8667428404150104,3.9069293611239115
50,119,2.046181689810615,2.360404865104585,2.164876508313512
50,120,2.1873581535217466,2.722985143207737,2.5296455663838184
50,121,2.487703392102467,2.6843751087836,2.548846291389156
50,122,2.4621657759431326,2.705887566571592,2.5971331027649223
50,123,1.774143670610227,2.434604490092934,2.175496445504135
50,124,3.33120772587055,3.622817370462722,3.6076139032891943
50,125,1.7018812076533245,2.5269607334438753,2.231463151561427
50,126,2.507726930632777,2.490919504025304,2.3984706631208335
50,127,2.091264833761505,2.5734835029097427,2.371264377244908
50,128,2.451845792463393,3.4352856445656,3.3218668089644834
50,129,2.012867359709723,2.7331544588580967,2.5866176131329097
50,130,1.8440546873342814,2.451779837126912,2.2759962724623684
50,131,3.574919543283884,2.9784103330099523,2.9461185913093506
50,132,3.171386125374042,3.1565350345965904,3.095889362674778
50,133,2.2539435698101364,2.512309385753658,2.354467436688391
50,134,2.3565760696725078,2.605169566411796,2.4481349294803163
50,135,1.7115315578349934,2.4206521137187536,2.223455581656441
50,136,2.155441370209327,2.594820942549014,2.381633235135851
50,137,2.414190908769131,2.766879404575166,2.597434356800314
50,138,2.886042548341571,2.9692961271217864,2.8742093995169316
50,139,2.1535249454722565,2.588068676436402,2.4166279124907524
50,140,1.955549308372398,2.6335715164549107,2.4440295811166672
50,141,2.0393429904090414,2.7383081218298932,2.5808347898660653
50,142,1.7212366319326349,2.431587629233693,2.166211955161911
50,143,1.8100528302421062,2.3851237095817757,2.1531522225026394
50,144,2.4770724219005213,2.9371541921232716,2.8741856457623522
50,145,2.0737675566933396,2.940255396304163,2.7692712881536368
50,146,1.744543879141302,2.5072029753674503,2.2153438506262213
50,147,2.0505982066663258,2.7398448101117565,2.500811261690629
50,148,2.367100423319092,2.459203108075614,2.3235707752645056
50,149,2.0725185947547105,2.309392558687992,2.178973019646075
50,150,2.327439501277176,2.5131349764582653,2.355413624038357
50,151,2.9547339013920806,3.3629239905718324,3.270964857387343
50,152,1.7734799952774303,2.6910778495306387,2.39821983992441
50,153,1.6791730522329742,2.2050452022278666,2.0082599454183643
50,154,3.2976521286879286,3.3749319925992998,3.3397874602970647
50,155,2.7409365492232323,2.7955936856386474,2.7313093022668236
50,156,2.353852896730658,3.0613775099181106,2.899367697737445
50,157,3.464704982112037,2.903618445540375,2.846690040319656
50,158,3.080596749602132,3.539934604469282,3.5073915196405254
50,159,2.996564239161949,3.692683756956253,3.6010597387526304
50,160,5.896378288125534,4.652018687365479,4.733775380914676
50,161,2.1969863914955883,2.582341974281984,2.466500001181969
50,162,4.181681638327887,3.7759691395864023,3.7687289623988596
50,163,4.238652834060682,3.8267323668159103,3.868853545676951
50,164,1.8099880748743002,2.8290086045480787,2.55597376757235
50,165,2.732363334929292,3.368369725490199,3.296894606291492
50,166,2.220881815699534,2.7233482180281174,2.5598536613509597
50,167,2.2763508125985426,2.8384144273300556,2.648912379484537
50,168,2.289623586211811,2.879606122238333,2.736565221689381
50,169,2.4898078110107997,2.8897611202328215,2.742522960536579
50,170,2.6691101689595267,3.385859340825719,3.2107514916342206
50,171,2.783986774214561,2.922242224701126,2.798490182689536
50,172,3.743145025495313,3.9801879236696833,4.001342060421
50,173,2.4186776848462,2.851245381464173,2.692449768866765
50,174,2.591057205342102,3.0879854162304317,2.971410577149453
50,175,2.581916659724677,2.983504326598349,2.8730817396714303
50,176,1.4717403302530887,2.364012184888212,2.0720553102041457
50,177,1.947904187797512,2.7223372569112207,2.5114300709442414
50,178,1.9199315152799412,2.422641293449827,2.263049750562234
50,179,3.611013217421553,3.5925214724192807,3.5591295041214606
50,180,2.627722913718703,3.0754199790351793,2.946577293664491
50,181,3.585656565433522,3.5972568049217286,3.5945360629188476
50,182,2.226202369583645,2.7284841032289635,2.555748412802203
50,183,1.854254989924625,2.36446292565117,2.1461298640222006
50,184,2.7371744832248055,3.295996014123728,3.249140558815549
50,185,1.64497899501239,2.3450673729845883,2.009695292733088
50,186,1.9385320656428706,2.4788785261149666,2.317538601359692
50,187,2.484044216985894,2.954279092939881,2.7929740801340874
50,188,2.5482107651230366,2.972392501178857,2.8515041775843293
50,189,1.8744299324288365,2.3550702875954888,2.135286226783271
50,190,2.859797113181338,2.985465170379694,2.87404003205454
50,191,1.7659376338366872,2.7839516822039596,2.538009620733579
50,192,1.7887125995466384,2.3894757906147195,2.2211757664404272
50,193,2.294622535240557,3.1268645717362307,2.9034822619132075
50,194,2.922010682323709,3.6802825816973717,3.627363545419225
50,195,1.5841705338456158,2.7432663864374525,2.4498814868122167
50,196,2.7633417038751067,3.3891335242566427,3.2754168688136667
50,197,3.010176568794704,3.4219428561249132,3.291646913583629
50,198,1.553186097859909,2.745344223351688,2.4685441744113725
50,199,2.401966873950767,2.696292945535178,2.5665876121811544
100,0,2.3414641421549502,2.9202559865027284,2.749328443780083
100,1,2.2010281628156783,2.7131790823166515,2.491672564646531
100,2,2.0456885976179184,2.8949674889800256,2.7080148412896157
100,3,2.691283670581219,2.986514748480363,2.8825941308808507
100,4,3.1266587922668188,3.091898509113023,3.00470266945597
100,5,1.9664666234002883,2.581258564926284,2.3483023491926267
100,6,2.27860989024117,2.7784676802181494,2.624123071725615
100,7,2.6642098385772837,2.959363377887138,2.8770310947418714
100,8,2.345941553065506,2.9885773240126183,2.809456740113998
100,9,2.3759920836478203,3.085068839442483,2.9031294088725867
100,10,2.024640842136532,2.7602892140770767,2.5218127996899864
100,11,2.348461806671597,2.876813117256317,2.696495140698033
100,12,1.9233271912448915,2.7583514869743775,2.5362520153862436
100,13,2.053836753120378,3.0977071519957486,2.889777969533537
100,14,2.0909600289228427,2.6587133875565496,2.4861612854711566
100,15,2.093422321351073,2.612359401182544,2.451392041661144
100,16,2.4768403233453755,2.8379199709180902,2.697140837306216
100,17,2.6024051128939933,2.8345406608675936,2.706296673583999
100,18,2.4711370607450434,2.9141198620731292,2.7895467533332376
100,19,3.030969917888809,3.6505483700414514,3.5835514573905813
100,20,2.69546886283579,3.2967067541239334,3.1775686608141505
100,21,2.4035284267987755,2.895931247229936,2.7366396733097753
100,22,2.03157297020229,2.5431615309285545,2.3591662260858333
100,23,1.896296261957777,2.4992357801149017,2.3225715902368265
100,24,2.4048297967111005,2.932387516661135,2.778833686168749
100,25,2.1363710949255195,2.653637162470365,2.491131251154889
100,26,2.5027095113873474,3.0455126558603993,2.922298166809879
100,27,2.0380187784168435,2.7652747700010827,2.551756486574792
100,28,2.40437437201121,2.936836156507518,2.7937732758018554
100,29,1.9241586896646259,2.6940466947821404,2.5089389946032874
100,30,2.2016580412821427,2.992677993972239,2.8913007654390235
100,31,2.9756383695745154,3.1137699872339177,3.0258364012024255
100,32,1.794226937911856,2.6236443072940814,2.400154861153639
100,33,2.5551790035683544,3.3987032671090325,3.2779185730240314
100,34,3.10435461249868,3.267509632543688,3.1617210657873787
100,35,1.9835248006959358,2.7365792222987966,2.501414410191328
100,36,2.06400105250827,2.7150420642919935,2.5441119423580254
100,37,1.9748152826671528,2.4981531584828764,2.324912369554275
100,38,3.2517298180421625,3.263817419882799,3.190001739209272
100,39,2.508793459846192,3.175361084444195,3.003583609926125
100,40,1.773362641084275,2.550404213990181,2.2898524963575286
100,41,2.329434400439015,3.0442342580059547,2.9000012343053556
100,42,2.2533777812001867,3.0399755195543143,2.8145113125687886
100,43,2.2809012602275778,2.86840004072405,2.6545408079452115
100,44,3.2511323665762553,3.490786741005263,3.428090527424948
100,45,2.067409471265405,2.727604585306873,2.5276018506631233
100,46,2.6823114255877214,3.3555150361238097,3.262366081095364
100,47,3.0544767306337386,3.3044686636460296,3.2071466743069226
100,48,2.1854669477915314,2.704767882028241,2.517728003780344
100,49,2.769624132520504,3.295940835093914,3.1919049508083424
100,50,3.2843452311135906,3.304090445316301,3.2451831585695894
100,51,2.0772063436631294,2.680103191534456,2.4864144473007177
100,52,1.8694872457653522,2.445178722097816,2.259866607262685
100,53,2.9773846003182234,3.169689076612415,3.063989319722701
100,54,2.767395271704286,3.1641859906827365,3.0315621590693373
100,55,2.6869150763014646,2.9475718470330885,2.8452360196439885
100,56,2.358380214091293,2.5930937551452122,2.4550031925609486
100,57,2.665234815941448,3.453782236195787,3.3729450793802713
100,58,2.785735885218393,3.2203473517956596,3.08969071050253
100,59,1.5302031328696661,2.193945951349397,1.943835375480318
100,60,2.9161235777560863,3.0552952597236485,2.955421859155039
100,61,1.7579973644189673,2.7284924317133923,2.434671901642808
100,62,2.2026921437595663,2.661446263700453,2.474404724818501
100,63,3.2626575381800627,3.170135101873139,3.1102122246112613
100,64,2.367710211294299,3.0118354306522623,2.885942632366536
100,65,2.3358996947242474,3.008524604954085,2.872134679838154
100,66,2.233420848148734,2.7732762418250703,2.67356654700056
100,67,2.1345859237648273,2.766409514495089,2.64114895699355
100,68,2.7872700792521186,3.052079114816937,2.9596454099800584
100,69,1.7209306596650131,2.530154609181475,2.3093595179550452
100,70,2.5214345798170266,2.808108586599411,2.666614194033547
100,71,1.955168159550107,2.4917229120748585,2.33718197639036
100,72,2.807435708400624,3.14652601507296,3.0244281622512914
100,73,1.9866220791049618,2.697933835579462,2.4830030158301435
100,74,1.9462422336210652,2.47251236024554,2.2576283424436405
100,75,1.639117076383664,2.8649666320447507,2.633304190989988
100,76,2.516661551357107,3.035441339548879,2.9085061542645865
100,77,1.6989586235812952,2.361783527437689,2.1371471741406247
100,78,1.8128269174963692,2.6445105932999886,2.4567082169572347
100,79,3.141047532702825,3.1185414985002176,3.0545236131508102
100,80,2.1565566422766524,2.5819102788530324,2.413849241971423
100,81,1.883019852776189,2.48843035457733,2.240168635154168
100,82,2.28948417781862,2.703828344245971,2.5847874054063866
100,83,1.9972670371813632,2.668030967408492,2.424178070359147
100,84,2.6618564924799526,2.9988053494944475,2.866620684548319
100,85,2.985344261986319,3.250927410392386,3.168851361950275
100,86,2.275480933558716,2.6580779199910882,2.4856349261650728
100,87,1.9260897749684298,2.5135651773181014,2.2894859513940995
100,88,2.2465333092583464,2.8033777773086026,2.6280759563348783
100,89,1.5638329492246292,2.4855187890441752,2.1994748704360894
100,90,1.8519094059897907,2.67272170825842,2.432398208675029
100,91,2.2273366173877633,2.5977334023259715,2.4355033134970037
100,92,2.5697959609026575,3.1687837195815027,3.0021064341894985
100,93,2.5017692102753855,3.013777667496433,2.855800656466521
100,94,1.6315485590981111,2.6203922599386167,2.364736220215844
100,95,1.8664471721305071,2.4601766677638217,2.251108812675844
100,96,2.9598500885078556,3.5508384690008543,3.4869455533859677
100,97,2.0511113661064857,2.872735378552955,2.608204818442905
100,98,3.0155432811404155,3.365987231542908,3.283328087269627
100,99,2.555506212981217,2.7626000491579443,2.6349669481633664
100,100,1.9554429565593632,2.434402107123058,2.2660122970207315
100,101,2.2467950998700923,2.738466118478726,2.5797523062923413
100,102,2.311852439968995,2.6816434274885586,2.5238514138249455
100,103,2.562185706835352,3.1857326853895787,3.0949012626348043
100,104,2.990034313439077,3.461938615355004,3.390138637492145
100,105,2.925782207576109,3.0794925192458082,2.9937264839230164
100,106,2.9536269555150185,3.070349499611996,2.952326427587122
100,107,2.151959849217513,2.914880617850765,2.768930470863101
100,108,1.9794216681768972,2.671530409952133,2.4933009840094025
100,109,2.4591020873927065,3.2202594702674303,3.1055470762597
100,110,3.342645070663789,3.465746628957382,3.417918778009981
100,111,2.3830510370799565,2.804333245047111,2.64236298220084
100,112,1.9720528324015207,2.2814641497579005,2.1514366228456434
100,113,3.6517027609788313,4.063732910271052,4.087306876290616
100,114,2.15980397339074,2.493749865381896,2.335929588931668
100,115,2.483139865472637,2.9763564908321256,2.8728638292425885
100,116,2.695321904416033,2.909093931972683,2.78021895624139
100,117,2.5736538839936824,3.0022644907023572,2.865464522436028
100,118,2.746817047626456,2.8988893510280906,2.817048244956197
100,119,2.070711471715848,2.479291443693504,2.30491962318151
100,120,2.69936033624514,3.0178856404744856,2.90736722722591
100,121,1.971767942276352,2.465346022010347,2.273106924840894
100,122,2.416545180400474,2.846419435157744,2.669518928827124
100,123,2.186260974943302,2.883954337181621,2.780255546740474
100,124,2.3474117215828483,2.642318045551152,2.494821148288527
100,125,3.0541009476132004,3.0980466327848677,3.028353592303157
100,126,2.0146977074820507,2.666689174928935,2.4426112767550814
100,127,2.0196849040542046,2.460609626288388,2.311842452336654
100,128,2.0162156209191258,2.790122916135763,2.5750642150992435
100,129,1.6928990835363387,2.410724386260341,2.177324178842022
100,130,2.61549273843155,3.033919241155301,2.869059498541027
100,131,2.2938515235287236,3.163748865044913,3.0109233380486415
100,132,2.3371038067801626,3.0241842362423372,2.819064504359693
100,133,2.3766398880363497,2.9383919564391054,2.777793325989545
100,134,2.881445574148308,3.2312827885470314,3.114407855505534
100,135,3.2662198814784906,3.4718372546277543,3.4083808197710237
100,136,1.823721419837404,2.6726260392991574,2.504875432962018
100,137,2.864954053151851,2.984311169535076,2.897558967034024
100,138,2.6055694889213723,3.1005955819648534,2.9884455856468395
100,139,1.6968858652870438,2.6047981784019187,2.341499964460175
100,140,1.8928108534155186,2.6817019097188073,2.4480679303287083
100,141,2.470780138101303,3.0999643980406875,2.940782981141672
100,142,2.3168277441018508,2.8605306902772867,2.7250317802702244
100,143,2.332685032341143,2.92198145104656,2.742536824254372
100,144,2.6645399382399573,2.7634878257572404,2.6570421172567733
100,145,3.175831956077311,3.1512592584336208,3.0851452329873137
100,146,2.2775393789903453,2.9115604508787776,2.7235516190914546
100,147,1.8808402381485647,2.420754480996909,2.2066356516719345
100,148,2.879825943595067,3.283242938791273,3.2005350475684935
100,149,2.474957208492904,2.7920956595305686,2.701398106916013
100,150,2.5377869267255675,3.22052038243341,3.088532559147912
100,151,1.603548498638725,2.436412580986434,2.158535841885086
100,152,2.6552484400629717,2.8902637885295848,2.787368157219635
100,153,2.916907118848754,2.9029582068079494,2.821904055765076
100,154,2.8780247893076196,3.2561394919813367,3.1467776175686573
100,155,2.1604612945292123,2.700293895111319,2.550046344110687
100,156,1.710604652168623,2.3995696805870668,2.140300635279456
100,157,1.941108477115252,2.742468860086604,2.5913416283951305
100,158,2.158467361623072,2.701689199220747,2.5346276877128995
100,159,2.7469970057996704,2.893891280319456,2.792369948114067
100,160,2.166093772183159,2.5998433663806226,2.40336273682683
100,161,2.7212879733954596,2.8255383150270372,2.7261700438302636
100,162,1.7297490011458214,2.4805212498485223,2.211973516172812
100,163,1.687772839408327,2.5004635091232488,2.234680099785632
100,164,2.2680785076245806,2.929329549017812,2.7193850041084695
100,165,2.376623708504179,3.02650704431886,2.8293604873739215
100,166,2.260540498895151,2.7991261436670363,2.644278316311832
100,167,3.1639577575799653,3.2601568167747392,3.2139771128666212
100,168,2.5523523433080517,2.7050714902547273,2.6008843441774263
100,169,2.387068352278677,3.102164447888976,2.9474555008508934
100,170,1.9117486463461157,2.9019291694731115,2.631062766136505
100,171,1.6731469286062994,2.1918390785742816,2.010917388506613
100,172,2.319952171573633,2.816312399999217,2.66159553330124
100,173,2.4495852015854283,3.02414109623621,2.8404938320106026
100,174,1.9911925319659465,2.5297860152454,2.333593872857942
100,175,2.493556157513815,2.902196270511904,2.7926363777315877
100,176,2.08475814984061,2.911676260598961,2.7324792677638796
100,177,2.559923889345256,3.277630075861753,3.151375224323783
100,178,1.7204335222219689,2.434208208379466,2.1859044033148938
100,179,2.439699595503396,3.003508144181793,2.8929903923728966
100,180,1.7052707800565803,2.3199847701650986,2.0901986870973994
100,181,1.9499993156732938,2.6502112951874923,2.463745196063664
100,182,2.2089843993432527,2.732871829395208,2.578859581096797
100,183,2.5344711083267746,2.915588862026221,2.749024962771236
100,184,2.1935026341202497,2.6686136692428137,2.50374246561434
100,185,2.346837136094842,2.9837192800020143,2.8002390861360684
100,186,1.919318189879584,2.487523884694813,2.281238386946825
100,187,2.86325247287181,3.3567970248730377,3.292259638552539
100,188,1.9158823597998231,2.596068370931732,2.3633519267586607
100,189,2.4201390862860603,2.6089801003739774,2.4898045426160427
100,190,2.6166715889764744,2.8036856945901896,2.6760491055906956
100,191,2.0822722759789825,2.8110020066160817,2.6168696687446906
100,192,1.6405261630603465,2.442282197198316,2.151000506681752
100,193,2.2204183332307252,2.527426582927171,2.3652418827008486
100,194,2.0645897085382114,2.7944838935089886,2.638762976328082
100,195,2.9348745958932447,3.523408008860144,3.417612759890824
100,196,2.54895331951617,2.98028532025295,2.8428833341112782
100,197,2.282096036155642,2.8954910150467557,2.719314162242674
100,198,2.6039949671026092,3.0188811097784702,2.890745703100126
100,199,2.1124912682983195,2.803751978663935,2.592350126029354
200,0,2.6807175396498355,2.875226677354673,2.7762589949223444
200,1,2.4392663201735125,2.870458695448107,2.718535354401283
200,2,2.142284237171297,2.6276363949997883,2.4708883092428136
200,3,3.05205422437619,3.2899184427690757,3.1947432923421535
200,4,2.1586562363065713,2.6978787104501336,2.5205804989112655
200,5,2.2888804250118184,3.028258886677762,2.852678110524108
200,6,2.573214000288184,2.8306838786714876,2.7104147038030453
200,7,2.2939752017879895,2.759919065397108,2.599790634556504
200,8,2.1985624615799737,3.0296725881470934,2.8446749999748757
200,9,2.098146379893548,2.6389950450465576,2.436329465264436
200,10,2.9064248855063135,3.1924374945026956,3.0945605697464016
200,11,2.0437775420725948,2.727558039811645,2.550241020253077
200,12,2.328161441720969,2.9531023072714104,2.764322033524548
200,13,2.162960874740512,2.7911701478258273,2.574417624758658
200,14,2.530971792418502,2.9722964806566785,2.8484567753445114
200,15,2.3636637690107407,2.904548196397397,2.7476825067394435
200,16,2.386386423588528,2.887300151955564,2.718553254626573
200,17,2.179648292501582,2.921014303221064,2.7646348213000036
200,18,3.2509736282725323,3.4461729302159405,3.363484011129485
200,19,2.5842647452668444,2.886040960264015,2.7360396732618857
200,20,1.9536501456723223,2.4695692294269773,2.299478592020667
200,21,2.4558241650740564,2.895163067830649,2.722726834121559
200,22,2.3444122932249654,2.966512500169846,2.8522562658616293
200,23,2.738922389253894,3.0523401768111094,2.9553228615096447
200,24,2.4849271769291117,3.1308766126639282,2.9809944910108084
200,25,1.7676637853519448,2.5529643321276136,2.31164711644659
200,26,2.1668797236743704,2.943922260783238,2.725115915012506
200,27,2.7320908800775254,3.1475560602013775,3.026175217512569
200,28,2.526454386167217,2.929157129498842,2.805157889951505
200,29,2.3822862427569773,2.9042636364449557,2.7371473840287197
200,30,2.338652764349414,2.8785448116689225,2.6993204322885083
200,31,2.1760338828901764,2.688819777377044,2.5046847893685285
200,32,2.244471929246784,2.9711785181178936,2.771256990616871
200,33,2.5564624331324413,2.9614362796868297,2.8317856656395857
200,34,2.235102706590732,2.748214182141463,2.5726863448386594
200,35,1.9620558086331827,2.4929596808396877,2.302773560102624
200,36,2.0776674688519563,2.7913427339449877,2.5939979330880054
200,37,2.300997187427063,2.684969703311804,2.540325882513415
200,38,2.041865268094278,2.7290826635445846,2.516899819241294
200,39,2.2061286753293263,2.6531400857839547,2.4952015399195746
200,40,2.1067391269285256,2.70628332899317,2.5132632096659617
200,41,2.452417170086392,2.9786156925333556,2.8223922401180035
200,42,2.274502691343866,2.7507769715381913,2.579547205652218
200,43,2.5948895241210628,2.8317125784481334,2.7130966008679662
200,44,2.6238386120463084,2.923217896672287,2.7995741708657698
200,45,2.3903944665120296,2.799629245900287,2.6732726737166117
200,46,2.26329345027193,2.8068776594875398,2.636406561012849
200,47,2.1282452164652934,2.6919345068599045,2.5488519083340866
200,48,2.2074982574506934,2.675116628079711,2.5247285194081317
200,49,3.1452438539401375,3.1161348984013624,3.027383814481263
200,50,2.543222899647808,3.1889928252129796,3.0521394350970485
200,51,2.415885050286007,2.8396453675277478,2.7173926818008307
200,52,2.1547542962364705,2.5934817118494395,2.4352923096972674
200,53,2.596242900028815,3.0245163934163557,2.8907592473658497
200,54,2.35194172768025,2.9196530803426777,2.770794765985072
200,55,2.1717132229072815,2.6747909187474326,2.49940538993294
200,56,2.1883073860512945,2.734168437034267,2.568731300182273
200,57,1.9695141569782244,2.6781968101845557,2.4727019869477385
200,58,1.7540779444177652,2.506404605423685,2.275185956624764
200,59,2.1874021694113077,2.6297212251068207,2.479623362658356
200,60,2.240531308422703,2.6153117996671775,2.46414172627822
200,61,2.878452241251785,3.1762363072342437,3.0965941735947142
200,62,2.9512839304545486,3.1430759106469743,3.057318118322465
200,63,2.2059582451905135,2.799320397624736,2.6546453692176817
200,64,2.1456251213708057,2.910977796547606,2.7244724608935034
200,65,1.9820040585692158,2.879801223447418,2.6718253773983864
200,66,2.0857670029293565,2.5675421001729632,2.3707519118431466
200,67,2.7032624527193345,3.0510954698701496,2.9285647939807835
200,68,2.8606713329816134,3.3171601356320464,3.2328730800056706
200,69,2.015086064162552,2.6861283437317103,2.4739075647549686
200,70,2.1326503232856067,2.624275687264306,2.4473658609057054
200,71,2.47718203428469,2.738616494803395,2.6110673936501723
200,72,2.041317769412782,2.7526097642564924,2.5921533062730577
200,73,2.419540664706407,2.8004795960623072,2.6584676096803856
200,74,2.194503263291058,2.7505985103283317,2.5842506135358225
200,75,2.2936559482135714,2.900749185804416,2.722281804611357
200,76,2.4951024005920175,2.925935981621488,2.7808242631939657
200,77,1.9618742489596699,2.5342475706541605,2.335892597520291
200,78,2.3266330765581302,2.9202283924472963,2.747043593032428
200,79,3.2721685057297503,3.2399877469601357,3.195139523570196
200,80,2.3402002751100444,2.8427890384356758,2.7067213330932187
200,81,2.2998703763112767,2.78126999696054,2.634592073307906
200,82,2.52944437874867,2.8798833878953776,2.754403402704327
200,83,2.5703188753712682,2.9416409164707606,2.811249565013894
200,84,1.9316210977774635,2.662327873847395,2.459608224460912
200,85,2.6227181077448027,2.847452579864113,2.7317722533969735
200,86,1.7692629409938734,2.4896207437382603,2.253539461110733
200,87,2.2602252641908067,2.8792638273069024,2.701943316545593
200,88,2.1286885516869685,2.8490292550669345,2.720117023666982
200,89,2.271809421029751,3.0655057924164457,2.8486808626684974
200,90,1.6804435639593611,2.4141585015795504,2.178701505697659
200,91,2.1139629391383528,2.6333340752801844,2.47689952124832
200,92,2.5683539433857456,3.170735340691648,3.0124764387839367
200,93,2.421212676121304,2.8912905003280054,2.7329677902483174
200,94,2.330384362012742,2.6883805814213484,2.566732464690529
200,95,1.7797744001095241,2.6329204162477953,2.3732881044440255
200,96,2.1263963878823295,2.688656169809751,2.5187701087605907
200,97,3.0712358792728294,3.3449685617423515,3.2637002435908817
200,98,2.25044537675853,2.7950050719046193,2.648152239861663
200,99,2.1869714220763776,2.806279750682756,2.623194836763504
200,100,1.9205928741252793,2.597105852489432,2.3848306528405656
200,101,2.4717999594705033,2.754050770763472,2.6265462874438024
200,102,1.8061815714653935,2.5521165098941423,2.3287680567447118
200,103,2.467614264789844,2.935104073170227,2.7682932433191563
200,104,2.7919541089795645,3.20166898960402,3.0830960009287547
200,105,2.346408601906635,2.7786286753827136,2.620502833430603
200,106,2.115004245679528,2.6601799401506123,2.483104046216752
200,107,2.759968118695693,3.0058638032296563,2.880540162327388
200,108,2.099561675337318,2.7136003394956614,2.523240570162521
200,109,2.0910549482866867,2.7300685737179724,2.5400142554025136
200,110,2.2685900274020305,2.8125666119180726,2.6527417574587884
200,111,2.853010168119163,3.3769126726787473,3.2938200410645737
200,112,2.1215906718257203,2.7232279959065817,2.562108498879898
200,113,2.3344057850002566,2.774134242509809,2.616982038732105
200,114,2.470734238668324,2.941131816082471,2.7880074195878732
200,115,3.330002271628295,3.4561193562663557,3.391208088897149
200,116,2.1851451653276883,2.7801199032976283,2.585091059044008
200,117,2.656583572927673,2.9118875018841393,2.779223500596869
200,118,2.0251203449085615,2.8333070833039504,2.645758775205028
200,119,1.8912475216063114,2.6405712032718673,2.413922747080425
200,120,2.500843980737843,3.0325443068394833,2.892134632904226
200,121,2.422436010729824,2.839337684699718,2.6918084229015027
200,122,2.3914808644585244,2.8604241579398164,2.714228760032486
200,123,2.552845447526103,3.232570047098083,3.106466375395919
200,124,1.9627829705253268,2.6052169720986575,2.4321756872585407
200,125,2.9512857853608874,3.0144230332753943,2.9289777675984294
200,126,2.4517339617233183,2.9822319871819163,2.8546258037652663
200,127,2.4062003337247937,2.8111804219766627,2.686645894295434
200,128,2.07638118883198,2.6141654832823127,2.422735860920007
200,129,1.9480699655191804,2.4961767243337865,2.317088050711183
200,130,2.293619367054543,2.963996639936106,2.8304325510731894
200,131,2.6182731849864007,3.1721588632778768,3.0481477156969383
200,132,2.5322130340717495,2.910854905285446,2.769570280606713
200,133,1.8509721757789297,2.7187687422236824,2.4843498342747163
200,134,2.37815073154112,2.810565502254924,2.6731708547161803
200,135,2.3883467565461043,2.9133933376945875,2.7715273614370757
200,136,2.148551287445914,2.665722582956949,2.492543288973114
200,137,2.3381243577684754,2.7693146413768615,2.6149493377395436
200,138,2.1128541539378434,2.601304930073152,2.4433447472226955
200,139,2.4627529462393327,3.1168347757440893,2.9542500890221994
200,140,2.595044223750498,2.8818539119276068,2.7554076158438106
200,141,2.274355257716239,2.6440146130566666,2.494147147641849
200,142,2.685234961956408,3.1045203970247797,2.973465536601989
200,143,2.521492475513063,2.9188120230397256,2.7734611342137585
200,144,2.648517226872893,3.2341117271837456,3.098219309447235
200,145,2.5867104641486907,2.977427817795699,2.8390982087144243
200,146,2.8533817177882685,3.2158085832266567,3.143180987539952
200,147,2.186869640900674,2.70980914913454,2.5367311619179396
200,148,3.48722648384194,3.3967250265193787,3.3666688991544427
200,149,2.170711808727084,2.5646839030694704,2.4307069312626695
200,150,2.0564481489160773,2.6487851617901303,2.454574880551358
200,151,2.0599734109812315,2.659157932396213,2.4292601279143358
200,152,2.5581377482286713,3.010444674449184,2.869234280133662
200,153,2.365427583908876,2.9697519172937055,2.8091260646197873
200,154,2.4643849479127455,2.910653200103953,2.768545873467368
200,155,2.301743870884765,2.6487871465979844,2.493714673894282
200,156,2.3838775455710985,2.7604939852491372,2.617508067722233
200,157,2.222033748277963,2.694737257677168,2.519418734787422
200,158,1.9776135233019778,2.654388266411409,2.4398169587169147
200,159,1.384110358352441,2.2754714572415815,1.9242472327055913
200,160,2.204679883855789,2.9269761893074295,2.7473259574410394
200,161,2.317453404405997,2.7724772197981724,2.5979830046344827
200,162,2.049172455726492,2.681215047026649,2.504713437623379
200,163,1.8430923743369592,2.5569994214278133,2.3192624893373828
200,164,2.100288083237596,2.630885572730176,2.455265435477385
200,165,2.7583396772504027,3.0960778227920858,3.005686003031741
200,166,2.8428003658863386,2.967220509007188,2.8769906548960003
200,167,2.587777884215411,2.860646208528367,2.7718191167926713
200,168,1.7506840516910724,2.4430692072996556,2.207370668961338
200,169,3.234579992567441,3.5011266408859743,3.4644408284274206
200,170,2.2928313698831557,2.6930693138858546,2.5528552909702094
200,171,2.7000468321868922,3.1609636895030104,3.0585105312149117
200,172,1.8581191826222834,2.456400871455283,2.265880414879651
200,173,2.4955279016442065,2.9748182873525493,2.835303987314397
200,174,2.605760953580046,2.9009749819132957,2.800288914107551
200,175,2.274699445507291,2.847591635029833,2.684670784815522
200,176,2.750920614230545,3.1291857497302544,3.022165427910045
200,177,2.7220990745535345,3.1125797565169337,3.0011450734785754
200,178,1.8544462104074584,2.5246025254570976,2.2943338102929602
200,179,2.436007258243835,2.7842554340488816,2.628101930495222
200,180,2.179106395208196,2.6431379002773965,2.477689290709146
200,181,2.9374896838218936,3.2035228842054235,3.1148368573969822
200,182,1.8895006938732317,2.6674750878872744,2.4674531910233006
200,183,1.938650941440478,2.6255644954464508,2.4185036219579423
200,184,2.3704422759200527,3.0154333974372043,2.8726232037680246
200,185,2.7316161020708725,3.0501151753649887,2.942033878547653
200,186,2.7155992229799937,3.049962356463619,2.9655007999204095
200,187,2.2339506667704065,2.648286485509914,2.4963234422515725
200,188,2.4356210052151277,2.774816560726092,2.637965015898254
200,189,2.5188795227459653,3.0173338299662884,2.8874377910162106
200,190,2.532687352561586,2.9428394709368515,2.8098994852690744
200,191,2.2461149065857344,2.7336362662118154,2.5662652913283623
200,192,2.99843405133942,3.320975169045466,3.2493042918571584
200,193,2.4481922225483395,2.9221173262230957,2.762235673667124
200,194,2.2120131372333383,2.7619920424793563,2.5737330369334583
200,195,2.0553389339316337,2.7037057564631715,2.503932218933119
200,196,2.26036393271606,2.9066391183726386,2.71928113531047
200,197,2.2207000492479336,2.783512968913763,2.6025246083943485
200,198,2.0777053374251073,2.6477936089926253,2.461566813237234
200,199,2.5664760159022455,3.0570254148402296,2.9227059526026617
